time, contact status left, contact status right, pc-x left, pc-y left, pc-z left, pc-x right, pc-y right, pc-z right, x-COM, y-COM, z-COM
0,1,1,0,0.03,0,0,-0.03,0,3.9757e-36,9.3317e-25,0.15
0.01,1,1,0,0.03,0,0,-0.03,0,9.7339e-10,-5.5005e-05,0.15005
0.02,1,1,0,0.03,0,0,-0.03,0,1.9468e-09,-0.00011001,0.1501
0.03,1,1,0,0.03,0,0,-0.03,0,2.9202e-09,-0.00016502,0.15015
0.04,1,1,0,0.03,0,0,-0.03,0,3.8936e-09,-0.00022002,0.1502
0.05,1,1,0,0.03,0,0,-0.03,0,4.8669e-09,-0.00027503,0.15025
0.06,1,1,0,0.03,0,0,-0.03,0,5.8403e-09,-0.00033003,0.1503
0.07,1,1,0,0.03,0,0,-0.03,0,8.3218e-09,-0.00045352,0.15042
0.08,1,1,0,0.03,0,0,-0.03,0,1.109e-08,-0.00059,0.15056
0.09,1,1,0,0.03,0,0,-0.03,0,1.3857e-08,-0.00072649,0.1507
0.1,1,1,0,0.03,0,0,-0.03,0,1.6625e-08,-0.00086297,0.15084
0.11,1,1,0,0.03,0,0,-0.03,0,1.9393e-08,-0.00099946,0.15097
0.12,1,1,0,0.03,0,0,-0.03,0,2.2161e-08,-0.0011359,0.15111
0.13,1,1,0,0.03,0,0,-0.03,0,2.6185e-08,-0.001299,0.15129
0.14,1,1,0,0.03,0,0,-0.03,0,3.0798e-08,-0.0014745,0.15149
0.15,1,1,0,0.03,0,0,-0.03,0,3.5411e-08,-0.00165,0.15169
0.16,1,1,0,0.03,0,0,-0.03,0,4.0024e-08,-0.0018255,0.15189
0.17,1,1,0,0.03,0,0,-0.03,0,4.4637e-08,-0.002001,0.15209
0.18,1,1,0,0.03,0,0,-0.03,0,4.925e-08,-0.0021765,0.15229
0.19,1,1,0,0.03,0,0,-0.03,0,5.5209e-08,-0.0023616,0.15251
0.2,1,1,0,0.03,0,0,-0.03,0,6.2402e-08,-0.0025555,0.15275
0.21,1,1,0,0.03,0,0,-0.03,0,6.9595e-08,-0.0027494,0.15298
0.22,1,1,0,0.03,0,0,-0.03,0,7.6788e-08,-0.0029433,0.15322
0.23,1,1,0,0.03,0,0,-0.03,0,8.3982e-08,-0.0031372,0.15346
0.24,1,1,0,0.03,0,0,-0.03,0,9.1175e-08,-0.0033312,0.15369
0.25,1,1,0,0.03,0,0,-0.03,0,9.9837e-08,-0.0035283,0.15393
0.26,1,1,0,0.03,0,0,-0.03,0,1.1109e-07,-0.0037313,0.15418
0.27,1,1,0,0.03,0,0,-0.03,0,1.2234e-07,-0.0039343,0.15444
0.28,1,1,0,0.03,0,0,-0.03,0,1.3359e-07,-0.0041372,0.15469
0.29,1,1,0,0.03,0,0,-0.03,0,1.4484e-07,-0.0043402,0.15494
0.3,1,1,0,0.03,0,0,-0.03,0,1.5609e-07,-0.0045431,0.15519
0.31,1,1,0,0.03,0,0,-0.03,0,1.6867e-07,-0.0047471,0.15544
0.32,1,1,0,0.03,0,0,-0.03,0,1.8646e-07,-0.0049551,0.15568
0.33,1,1,0,0.03,0,0,-0.03,0,2.0426e-07,-0.0051631,0.15593
0.34,1,1,0,0.03,0,0,-0.03,0,2.2206e-07,-0.0053711,0.15618
0.35,1,1,0,0.03,0,0,-0.03,0,2.3985e-07,-0.0055791,0.15643
0.36,1,1,0,0.03,0,0,-0.03,0,2.5765e-07,-0.005787,0.15667
0.37,1,1,0,0.03,0,0,-0.03,0,2.7589e-07,-0.0059952,0.15692
0.38,1,1,0,0.03,0,0,-0.03,0,3.0424e-07,-0.0062066,0.15715
0.39,1,1,0,0.03,0,0,-0.03,0,3.3259e-07,-0.0064181,0.15738
0.4,1,1,0,0.03,0,0,-0.03,0,3.6094e-07,-0.0066295,0.15761
0.41,1,1,0,0.03,0,0,-0.03,0,3.8929e-07,-0.0068409,0.15784
0.42,1,1,0,0.03,0,0,-0.03,0,4.1763e-07,-0.0070524,0.15807
0.43,1,1,0,0.03,0,0,-0.03,0,4.4598e-07,-0.0072638,0.1583
0.44,1,1,0,0.03,0,0,-0.03,0,4.8931e-07,-0.0074778,0.15851
0.45,1,1,0,0.03,0,0,-0.03,0,5.3461e-07,-0.0076921,0.15871
0.46,1,1,0,0.03,0,0,-0.03,0,5.7991e-07,-0.0079064,0.15892
0.47,1,1,0,0.03,0,0,-0.03,0,6.2521e-07,-0.0081207,0.15912
0.48,1,1,0,0.03,0,0,-0.03,0,6.7051e-07,-0.008335,0.15933
0.49,1,1,0,0.03,0,0,-0.03,0,7.1581e-07,-0.0085493,0.15953
0.5,1,1,0,0.03,0,0,-0.03,0,7.8077e-07,-0.0087655,0.15971
0.51,1,1,0,0.03,0,0,-0.03,0,8.5322e-07,-0.0089825,0.15988
0.52,1,1,0,0.03,0,0,-0.03,0,9.2568e-07,-0.0091995,0.16005
0.53,1,1,0,0.03,0,0,-0.03,0,9.9813e-07,-0.0094165,0.16023
0.54,1,1,0,0.03,0,0,-0.03,0,1.0706e-06,-0.0096334,0.1604
0.55,1,1,0,0.03,0,0,-0.03,0,1.143e-06,-0.0098504,0.16057
0.56,1,1,0,0.03,0,0,-0.03,0,1.24e-06,-0.010069,0.16072
0.57,1,1,0,0.03,0,0,-0.03,0,1.3558e-06,-0.010288,0.16086
0.58,1,1,0,0.03,0,0,-0.03,0,1.4717e-06,-0.010508,0.16099
0.59,1,1,0,0.03,0,0,-0.03,0,1.5876e-06,-0.010728,0.16113
0.6,1,1,0,0.03,0,0,-0.03,0,1.7034e-06,-0.010947,0.16127
0.61,1,1,0,0.03,0,0,-0.03,0,1.8193e-06,-0.011167,0.1614
0.62,1,1,0,0.03,0,0,-0.03,0,1.9632e-06,-0.011387,0.16153
0.63,1,1,0,0.03,0,0,-0.03,0,2.1484e-06,-0.01161,0.16163
0.64,1,1,0,0.03,0,0,-0.03,0,2.3336e-06,-0.011832,0.16173
0.65,1,1,0,0.03,0,0,-0.03,0,2.5188e-06,-0.012054,0.16184
0.66,1,1,0,0.03,0,0,-0.03,0,2.704e-06,-0.012276,0.16194
0.67,1,1,0,0.03,0,0,-0.03,0,2.8892e-06,-0.012498,0.16204
0.68,1,1,0,0.03,0,0,-0.03,0,3.1016e-06,-0.012721,0.16214
0.69,1,1,0,0.03,0,0,-0.03,0,3.3975e-06,-0.012946,0.16221
0.7,1,1,0,0.03,0,0,-0.03,0,3.6934e-06,-0.013171,0.16228
0.71,1,1,0,0.03,0,0,-0.03,0,3.9894e-06,-0.013396,0.16235
0.72,1,1,0,0.03,0,0,-0.03,0,4.2853e-06,-0.013621,0.16243
0.73,1,1,0,0.03,0,0,-0.03,0,4.5813e-06,-0.013846,0.1625
0.74,1,1,0,0.03,0,0,-0.03,0,4.8923e-06,-0.014071,0.16257
0.75,1,1,0,0.03,0,0,-0.03,0,5.3652e-06,-0.0143,0.16262
0.76,1,1,0,0.03,0,0,-0.03,0,5.838e-06,-0.014528,0.16267
0.77,1,1,0,0.03,0,0,-0.03,0,6.3109e-06,-0.014756,0.16273
0.78,1,1,0,0.03,0,0,-0.03,0,6.7837e-06,-0.014984,0.16278
0.79,1,1,0,0.03,0,0,-0.03,0,7.2566e-06,-0.015212,0.16283
0.8,1,1,0,0.03,0,0,-0.03,0,7.7294e-06,-0.01544,0.16288
0.81,1,1,0,0.03,0,0,-0.03,0,8.4641e-06,-0.015672,0.16292
0.82,1,1,0,0.03,0,0,-0.03,0,9.2196e-06,-0.015904,0.16297
0.83,1,1,0,0.03,0,0,-0.03,0,9.9752e-06,-0.016136,0.16301
0.84,1,1,0,0.03,0,0,-0.03,0,1.0731e-05,-0.016368,0.16305
0.85,1,1,0,0.03,0,0,-0.03,0,1.1486e-05,-0.0166,0.1631
0.86,1,1,0,0.03,0,0,-0.03,0,1.2242e-05,-0.016832,0.16314
0.87,1,1,0,0.03,0,0,-0.03,0,1.3344e-05,-0.017068,0.16319
0.88,1,1,0,0.03,0,0,-0.03,0,1.4552e-05,-0.017305,0.16324
0.89,1,1,0,0.03,0,0,-0.03,0,1.5759e-05,-0.017542,0.1633
0.9,1,1,0,0.03,0,0,-0.03,0,1.6967e-05,-0.017779,0.16335
0.91,1,1,0,0.03,0,0,-0.03,0,1.8175e-05,-0.018016,0.1634
0.92,1,1,0,0.03,0,0,-0.03,0,1.9382e-05,-0.018253,0.16346
0.93,1,1,0,0.03,0,0,-0.03,0,2.1028e-05,-0.018493,0.16353
0.94,1,1,0,0.03,0,0,-0.03,0,2.2959e-05,-0.018737,0.16362
0.95,1,1,0,0.03,0,0,-0.03,0,2.4889e-05,-0.01898,0.16371
0.96,1,1,0,0.03,0,0,-0.03,0,2.6819e-05,-0.019223,0.16379
0.97,1,1,0,0.03,0,0,-0.03,0,2.875e-05,-0.019466,0.16388
0.98,1,1,0,0.03,0,0,-0.03,0,3.068e-05,-0.019709,0.16397
0.99,1,1,0,0.03,0,0,-0.03,0,3.3127e-05,-0.019956,0.16408
1,1,1,0,0.03,0,0,-0.03,0,3.6211e-05,-0.020206,0.16423
1.01,1,1,0,0.03,0,0,-0.03,0,3.9296e-05,-0.020457,0.16438
1.02,1,1,0,0.03,0,0,-0.03,0,4.238e-05,-0.020707,0.16453
1.03,1,1,0,0.03,0,0,-0.03,0,4.5465e-05,-0.020958,0.16468
1.04,1,1,0,0.03,0,0,-0.03,0,4.8549e-05,-0.021208,0.16483
1.05,1,1,0,0.03,0,0,-0.03,0,5.2162e-05,-0.021461,0.165
1.06,1,1,0,0.03,0,0,-0.03,0,5.7084e-05,-0.021718,0.16524
1.07,1,1,0,0.03,0,0,-0.03,0,6.2006e-05,-0.021976,0.16548
1.08,1,1,0,0.03,0,0,-0.03,0,6.6928e-05,-0.022234,0.16572
1.09,1,1,0,0.03,0,0,-0.03,0,7.1849e-05,-0.022491,0.16595
1.1,1,1,0,0.03,0,0,-0.03,0,7.6771e-05,-0.022749,0.16619
1.11,1,1,0,0.03,0,0,-0.03,0,8.2066e-05,-0.023007,0.16644
1.12,1,1,0,0.03,0,0,-0.03,0,8.9893e-05,-0.023267,0.16678
1.13,1,1,0,0.03,0,0,-0.03,0,9.772e-05,-0.023528,0.16712
1.14,1,1,0,0.03,0,0,-0.03,0,0.00010555,-0.023788,0.16746
1.15,1,1,0,0.03,0,0,-0.03,0,0.00011337,-0.024048,0.1678
1.16,1,1,0,0.03,0,0,-0.03,0,0.0001212,-0.024309,0.16814
1.17,1,1,0,0.03,0,0,-0.03,0,0.00012903,-0.024569,0.16848
1.18,1,1,0,0.03,0,0,-0.03,0,0.00014125,-0.024818,0.16889
1.19,1,1,0,0.03,0,0,-0.03,0,0.00015361,-0.025067,0.16931
1.2,1,1,0,0.03,0,0,-0.03,0,0.00016597,-0.025315,0.16972
1.21,1,1,0,0.03,0,0,-0.03,0,0.00017833,-0.025564,0.17013
1.22,1,1,0,0.03,0,0,-0.03,0,0.00019069,-0.025813,0.17054
1.23,1,1,0,0.03,0,0,-0.03,0,0.00020305,-0.026061,0.17095
1.24,1,1,0,0.03,0,0,-0.03,0,0.00021906,-0.026285,0.17136
1.25,1,1,0,0.03,0,0,-0.03,0,0.00023593,-0.026503,0.17176
1.26,1,1,0,0.03,0,0,-0.03,0,0.00025385,-0.026708,0.17213
1.27,1,1,0,0.03,0,0,-0.03,0,0.00027409,-0.026883,0.17247
1.28,1,1,0,0.03,0,0,-0.03,0,0.00029432,-0.027058,0.1728
1.29,1,1,0,0.03,0,0,-0.03,0,0.00031785,-0.027203,0.1731
1.3,1,1,0,0.03,0,0,-0.03,0,0.00034215,-0.027341,0.17338
1.31,1,1,0,0.03,0,0,-0.03,0,0.00036796,-0.027468,0.17366
1.32,1,1,0,0.03,0,0,-0.03,0,0.00039714,-0.027573,0.17391
1.33,1,1,0,0.03,0,0,-0.03,0,0.00042633,-0.027677,0.17416
1.34,1,1,0,0.03,0,0,-0.03,0,0.00046027,-0.027757,0.17439
1.35,1,1,0,0.03,0,0,-0.03,0,0.00049533,-0.027832,0.17462
1.36,1,1,0,0.03,0,0,-0.03,0,0.00053257,-0.027898,0.17484
1.37,1,1,0,0.03,0,0,-0.03,0,0.00057468,-0.027945,0.17504
1.38,1,1,0,0.03,0,0,-0.03,0,0.00061679,-0.027992,0.17524
1.39,1,1,0,0.03,0,0,-0.03,0,0.00066574,-0.028018,0.17542
1.4,1,1,0,0.03,0,0,-0.03,0,0.0007163,-0.028039,0.1756
1.41,1,1,0,0.03,0,0,-0.03,0,0.00077,-0.028052,0.17577
1.42,1,1,0,0.03,0,0,-0.03,0,0.00083069,-0.028047,0.17593
1.43,1,1,0,0.03,0,0,-0.03,0,0.00089138,-0.028042,0.17608
1.44,1,1,0,0.03,0,0,-0.03,0,0.0009619,-0.028017,0.17621
1.45,1,1,0,0.03,0,0,-0.03,0,0.0010347,-0.027987,0.17634
1.46,1,1,0,0.03,0,0,-0.03,0,0.0011121,-0.027948,0.17646
1.47,1,1,0,0.03,0,0,-0.03,0,0.0011994,-0.027891,0.17656
1.48,1,1,0,0.03,0,0,-0.03,0,0.0012868,-0.027834,0.17666
1.49,1,1,0,0.03,0,0,-0.03,0,0.0013883,-0.027754,0.17673
1.5,1,1,0,0.03,0,0,-0.03,0,0.0014931,-0.027668,0.17679
1.51,1,1,0,0.03,0,0,-0.03,0,0.0016043,-0.027573,0.17685
1.52,1,1,0,0.03,0,0,-0.03,0,0.0017299,-0.027456,0.17687
1.53,1,1,0,0.03,0,0,-0.03,0,0.0018556,-0.027339,0.1769
1.54,1,1,0,0.03,0,0,-0.03,0,0.0020014,-0.027193,0.1769
1.55,1,1,0,0.03,0,0,-0.03,0,0.002152,-0.02704,0.17688
1.56,1,1,0,0.03,0,0,-0.03,0,0.0023119,-0.026875,0.17685
1.57,1,1,0,0.03,0,0,-0.03,0,0.0024924,-0.026682,0.17678
1.58,1,1,0,0.03,0,0,-0.03,0,0.0026729,-0.026489,0.17671
1.59,1,1,0,0.03,0,0,-0.03,0,0.0028823,-0.026259,0.1766
1.6,1,1,0,0.03,0,0,-0.03,0,0.0030986,-0.026019,0.17647
1.61,1,1,0,0.03,0,0,-0.03,0,0.0033281,-0.025763,0.17632
1.62,1,1,0,0.03,0,0,-0.03,0,0.003587,-0.025469,0.17612
1.63,1,1,0,0.03,0,0,-0.03,0,0.003846,-0.025175,0.17592
1.64,1,1,0,0.03,0,0,-0.03,0,0.0041463,-0.024829,0.17564
1.65,1,1,0,0.03,0,0,-0.03,0,0.0044563,-0.024471,0.17535
1.66,1,1,0,0.03,0,0,-0.03,0,0.004785,-0.02409,0.17502
1.67,1,1,0,0.03,0,0,-0.03,0,0.0051558,-0.023658,0.17461
1.68,1,1,0,0.03,0,0,-0.03,0,0.0055266,-0.023225,0.1742
1.69,1,1,0,0.03,0,0,-0.03,0,0.0059557,-0.022721,0.17367
1.7,1,1,0,0.03,0,0,-0.03,0,0.0063987,-0.022199,0.17311
1.71,1,1,0,0.03,0,0,-0.03,0,0.0068681,-0.021646,0.17249
1.72,1,1,0,0.03,0,0,-0.03,0,0.0073966,-0.021021,0.17173
1.73,0,1,0.05,0.03,0,0,-0.03,0,0.0079251,-0.020396,0.17098
1.74,0,1,0.05,0.03,0,0,-0.03,0,0.0085153,-0.019695,0.1701
1.75,0,1,0.05,0.03,0,0,-0.03,0,0.00912,-0.018978,0.16919
1.76,0,1,0.05,0.03,0,0,-0.03,0,0.0097398,-0.018241,0.16826
1.77,0,1,0.05,0.03,0,0,-0.03,0,0.010393,-0.017464,0.16731
1.78,0,1,0.05,0.03,0,0,-0.03,0,0.011046,-0.016687,0.16636
1.79,0,1,0.05,0.03,0,0,-0.03,0,0.011724,-0.015881,0.16543
1.8,0,1,0.05,0.03,0,0,-0.03,0,0.012407,-0.015067,0.16451
1.81,0,1,0.05,0.03,0,0,-0.03,0,0.013095,-0.014247,0.16362
1.82,0,1,0.05,0.03,0,0,-0.03,0,0.013795,-0.013413,0.16278
1.83,0,1,0.05,0.03,0,0,-0.03,0,0.014495,-0.012578,0.16194
1.84,0,1,0.05,0.03,0,0,-0.03,0,0.015202,-0.011734,0.16118
1.85,0,1,0.05,0.03,0,0,-0.03,0,0.015911,-0.010889,0.16045
1.86,0,1,0.05,0.03,0,0,-0.03,0,0.016622,-0.010041,0.15975
1.87,0,1,0.05,0.03,0,0,-0.03,0,0.017335,-0.0091902,0.15913
1.88,0,1,0.05,0.03,0,0,-0.03,0,0.018048,-0.0083393,0.15852
1.89,0,1,0.05,0.03,0,0,-0.03,0,0.018762,-0.0074871,0.158
1.9,0,1,0.05,0.03,0,0,-0.03,0,0.019476,-0.0066347,0.15751
1.91,0,1,0.05,0.03,0,0,-0.03,0,0.020191,-0.0057823,0.15705
1.92,0,1,0.05,0.03,0,0,-0.03,0,0.020905,-0.0049303,0.15669
1.93,0,1,0.05,0.03,0,0,-0.03,0,0.021619,-0.0040782,0.15632
1.94,0,1,0.05,0.03,0,0,-0.03,0,0.022333,-0.0032272,0.15605
1.95,0,1,0.05,0.03,0,0,-0.03,0,0.023046,-0.0023764,0.1558
1.96,0,1,0.05,0.03,0,0,-0.03,0,0.02376,-0.0015261,0.1556
1.97,0,1,0.05,0.03,0,0,-0.03,0,0.024472,-0.00067676,0.15547
1.98,0,1,0.05,0.03,0,0,-0.03,0,0.025185,0.00017254,0.15535
1.99,0,1,0.05,0.03,0,0,-0.03,0,0.025897,0.0010206,0.15532
2,0,1,0.05,0.03,0,0,-0.03,0,0.02661,0.0018684,0.15532
2.01,0,1,0.05,0.03,0,0,-0.03,0,0.027322,0.0027158,0.15536
2.02,0,1,0.05,0.03,0,0,-0.03,0,0.028033,0.0035621,0.15547
2.03,0,1,0.05,0.03,0,0,-0.03,0,0.028745,0.0044083,0.15559
2.04,0,1,0.05,0.03,0,0,-0.03,0,0.029457,0.0052531,0.1558
2.05,0,1,0.05,0.03,0,0,-0.03,0,0.030168,0.0060975,0.15604
2.06,0,1,0.05,0.03,0,0,-0.03,0,0.03088,0.0069411,0.15631
2.07,0,1,0.05,0.03,0,0,-0.03,0,0.03159,0.0077826,0.15667
2.08,0,1,0.05,0.03,0,0,-0.03,0,0.032301,0.0086241,0.15703
2.09,0,1,0.05,0.03,0,0,-0.03,0,0.03301,0.0094616,0.15748
2.1,0,1,0.05,0.03,0,0,-0.03,0,0.033718,0.010298,0.15796
2.11,0,1,0.05,0.03,0,0,-0.03,0,0.034425,0.011132,0.15847
2.12,0,1,0.05,0.03,0,0,-0.03,0,0.035128,0.01196,0.15906
2.13,0,1,0.05,0.03,0,0,-0.03,0,0.035831,0.012787,0.15965
2.14,0,1,0.05,0.03,0,0,-0.03,0,0.036527,0.013603,0.16032
2.15,0,1,0.05,0.03,0,0,-0.03,0,0.03722,0.014415,0.16101
2.16,0,1,0.05,0.03,0,0,-0.03,0,0.037908,0.01522,0.16173
2.17,0,1,0.05,0.03,0,0,-0.03,0,0.038584,0.016008,0.1625
2.18,0,1,0.05,0.03,0,0,-0.03,0,0.039261,0.016796,0.16328
2.19,0,1,0.05,0.03,0,0,-0.03,0,0.039913,0.017552,0.16408
2.2,0,1,0.05,0.03,0,0,-0.03,0,0.04056,0.0183,0.1649
2.21,0,1,0.05,0.03,0,0,-0.03,0,0.041193,0.019028,0.16571
2.22,0,1,0.05,0.03,0,0,-0.03,0,0.041794,0.019715,0.1665
2.23,1,1,0.05,0.03,0,0,-0.03,0,0.042394,0.020401,0.1673
2.24,1,1,0.05,0.03,0,0,-0.03,0,0.042936,0.021012,0.168
2.25,1,1,0.05,0.03,0,0,-0.03,0,0.043464,0.021605,0.16867
2.26,1,1,0.05,0.03,0,0,-0.03,0,0.043967,0.022165,0.1693
2.27,1,1,0.05,0.03,0,0,-0.03,0,0.044415,0.022654,0.16982
2.28,1,1,0.05,0.03,0,0,-0.03,0,0.044862,0.023142,0.17034
2.29,1,1,0.05,0.03,0,0,-0.03,0,0.045255,0.023558,0.17078
2.3,1,1,0.05,0.03,0,0,-0.03,0,0.045636,0.023957,0.17119
2.31,1,1,0.05,0.03,0,0,-0.03,0,0.046,0.024332,0.17158
2.32,1,1,0.05,0.03,0,0,-0.03,0,0.046326,0.024654,0.17192
2.33,1,1,0.05,0.03,0,0,-0.03,0,0.046652,0.024976,0.17226
2.34,1,1,0.05,0.03,0,0,-0.03,0,0.046943,0.025244,0.17255
2.35,1,1,0.05,0.03,0,0,-0.03,0,0.047226,0.0255,0.17284
2.36,1,1,0.05,0.03,0,0,-0.03,0,0.047497,0.025737,0.17311
2.37,1,1,0.05,0.03,0,0,-0.03,0,0.047745,0.025935,0.17335
2.38,1,1,0.05,0.03,0,0,-0.03,0,0.047993,0.026132,0.1736
2.39,1,1,0.05,0.03,0,0,-0.03,0,0.04822,0.026288,0.17382
2.4,1,1,0.05,0.03,0,0,-0.03,0,0.048442,0.026434,0.17403
2.41,1,1,0.05,0.03,0,0,-0.03,0,0.048658,0.026565,0.17423
2.42,1,1,0.05,0.03,0,0,-0.03,0,0.048861,0.026665,0.17442
2.43,1,1,0.05,0.03,0,0,-0.03,0,0.049064,0.026764,0.1746
2.44,1,1,0.05,0.03,0,0,-0.03,0,0.049258,0.026828,0.17476
2.45,1,1,0.05,0.03,0,0,-0.03,0,0.049449,0.026884,0.17492
2.46,1,1,0.05,0.03,0,0,-0.03,0,0.049639,0.026928,0.17507
2.47,1,1,0.05,0.03,0,0,-0.03,0,0.049825,0.026943,0.1752
2.48,1,1,0.05,0.03,0,0,-0.03,0,0.050011,0.026957,0.17533
2.49,1,1,0.05,0.03,0,0,-0.03,0,0.050197,0.026939,0.17544
2.5,1,1,0.05,0.03,0,0,-0.03,0,0.050384,0.026913,0.17554
2.51,1,1,0.05,0.03,0,0,-0.03,0,0.050573,0.026875,0.17564
2.52,1,1,0.05,0.03,0,0,-0.03,0,0.050767,0.026807,0.1757
2.53,1,1,0.05,0.03,0,0,-0.03,0,0.050961,0.02674,0.17577
2.54,1,1,0.05,0.03,0,0,-0.03,0,0.051166,0.026637,0.17581
2.55,1,1,0.05,0.03,0,0,-0.03,0,0.051373,0.026526,0.17584
2.56,1,1,0.05,0.03,0,0,-0.03,0,0.051587,0.0264,0.17585
2.57,1,1,0.05,0.03,0,0,-0.03,0,0.051815,0.026242,0.17583
2.58,1,1,0.05,0.03,0,0,-0.03,0,0.052043,0.026084,0.17581
2.59,1,1,0.05,0.03,0,0,-0.03,0,0.052293,0.025883,0.17575
2.6,1,1,0.05,0.03,0,0,-0.03,0,0.052549,0.025672,0.17567
2.61,1,1,0.05,0.03,0,0,-0.03,0,0.052816,0.025443,0.17557
2.62,1,1,0.05,0.03,0,0,-0.03,0,0.053107,0.025174,0.17542
2.63,1,1,0.05,0.03,0,0,-0.03,0,0.053399,0.024904,0.17527
2.64,1,1,0.05,0.03,0,0,-0.03,0,0.053728,0.024579,0.17505
2.65,1,1,0.05,0.03,0,0,-0.03,0,0.054065,0.024242,0.17481
2.66,1,1,0.05,0.03,0,0,-0.03,0,0.05442,0.02388,0.17453
2.67,1,1,0.05,0.03,0,0,-0.03,0,0.054813,0.023465,0.17417
2.68,1,1,0.05,0.03,0,0,-0.03,0,0.055207,0.023049,0.17381
2.69,1,1,0.05,0.03,0,0,-0.03,0,0.055656,0.02256,0.17333
2.7,1,1,0.05,0.03,0,0,-0.03,0,0.056118,0.022054,0.17282
2.71,1,1,0.05,0.03,0,0,-0.03,0,0.056605,0.021514,0.17225
2.72,1,1,0.05,0.03,0,0,-0.03,0,0.057149,0.020902,0.17154
2.73,1,0,0.05,0.03,0,0,-0.03,0,0.057693,0.02029,0.17083
2.74,1,0,0.05,0.03,0,0,-0.03,0,0.058297,0.019601,0.17
2.75,1,0,0.05,0.03,0,0,-0.03,0,0.058914,0.018894,0.16913
2.76,1,0,0.05,0.03,0,0,-0.03,0,0.059546,0.018168,0.16825
2.77,1,0,0.05,0.03,0,0,-0.03,0,0.060211,0.0174,0.16734
2.78,1,0,0.05,0.03,0,0,-0.03,0,0.060875,0.016632,0.16642
2.79,1,0,0.05,0.03,0,0,-0.03,0,0.061562,0.015833,0.16553
2.8,1,0,0.05,0.03,0,0,-0.03,0,0.062254,0.015026,0.16464
2.81,1,0,0.05,0.03,0,0,-0.03,0,0.062952,0.014213,0.16378
2.82,1,0,0.05,0.03,0,0,-0.03,0,0.06366,0.013384,0.16296
2.83,1,0,0.05,0.03,0,0,-0.03,0,0.064368,0.012554,0.16214
2.84,1,0,0.05,0.03,0,0,-0.03,0,0.065083,0.011715,0.16141
2.85,1,0,0.05,0.03,0,0,-0.03,0,0.065799,0.010873,0.16069
2.86,1,0,0.05,0.03,0,0,-0.03,0,0.066517,0.010029,0.16001
2.87,1,0,0.05,0.03,0,0,-0.03,0,0.067236,0.0091806,0.1594
2.88,1,0,0.05,0.03,0,0,-0.03,0,0.067956,0.0083323,0.1588
2.89,1,0,0.05,0.03,0,0,-0.03,0,0.068676,0.007482,0.15829
2.9,1,0,0.05,0.03,0,0,-0.03,0,0.069396,0.0066312,0.1578
2.91,1,0,0.05,0.03,0,0,-0.03,0,0.070115,0.0057803,0.15735
2.92,1,0,0.05,0.03,0,0,-0.03,0,0.070835,0.0049292,0.15698
2.93,1,0,0.05,0.03,0,0,-0.03,0,0.071554,0.004078,0.15662
2.94,1,0,0.05,0.03,0,0,-0.03,0,0.072272,0.0032275,0.15635
2.95,1,0,0.05,0.03,0,0,-0.03,0,0.07299,0.0023771,0.1561
2.96,1,0,0.05,0.03,0,0,-0.03,0,0.073707,0.0015271,0.15589
2.97,1,0,0.05,0.03,0,0,-0.03,0,0.074424,0.00067785,0.15576
2.98,1,0,0.05,0.03,0,0,-0.03,0,0.07514,-0.00017138,0.15563
2.99,1,0,0.05,0.03,0,0,-0.03,0,0.075856,-0.0010196,0.15559
3,1,0,0.05,0.03,0,0,-0.03,0,0.076571,-0.0018675,0.15558
3.01,1,0,0.05,0.03,0,0,-0.03,0,0.077286,-0.002715,0.15561
3.02,1,0,0.05,0.03,0,0,-0.03,0,0.078001,-0.0035616,0.15571
3.03,1,0,0.05,0.03,0,0,-0.03,0,0.078716,-0.0044081,0.15582
3.04,1,0,0.05,0.03,0,0,-0.03,0,0.07943,-0.0052532,0.15602
3.05,1,0,0.05,0.03,0,0,-0.03,0,0.080143,-0.0060978,0.15625
3.06,1,0,0.05,0.03,0,0,-0.03,0,0.080857,-0.0069416,0.15651
3.07,1,0,0.05,0.03,0,0,-0.03,0,0.081569,-0.0077834,0.15686
3.08,1,0,0.05,0.03,0,0,-0.03,0,0.082282,-0.0086252,0.1572
3.09,1,0,0.05,0.03,0,0,-0.03,0,0.082992,-0.0094628,0.15764
3.1,1,0,0.05,0.03,0,0,-0.03,0,0.083702,-0.0103,0.1581
3.11,1,0,0.05,0.03,0,0,-0.03,0,0.08441,-0.011133,0.1586
3.12,1,0,0.05,0.03,0,0,-0.03,0,0.085115,-0.011961,0.15918
3.13,1,0,0.05,0.03,0,0,-0.03,0,0.085819,-0.012789,0.15976
3.14,1,0,0.05,0.03,0,0,-0.03,0,0.086516,-0.013605,0.16042
3.15,1,0,0.05,0.03,0,0,-0.03,0,0.08721,-0.014417,0.1611
3.16,1,0,0.05,0.03,0,0,-0.03,0,0.087899,-0.015222,0.1618
3.17,1,0,0.05,0.03,0,0,-0.03,0,0.088576,-0.01601,0.16257
3.18,1,0,0.05,0.03,0,0,-0.03,0,0.089253,-0.016798,0.16333
3.19,1,0,0.05,0.03,0,0,-0.03,0,0.089906,-0.017554,0.16412
3.2,1,0,0.05,0.03,0,0,-0.03,0,0.090554,-0.018302,0.16493
3.21,1,0,0.05,0.03,0,0,-0.03,0,0.091187,-0.019031,0.16573
3.22,1,0,0.05,0.03,0,0,-0.03,0,0.091788,-0.019717,0.16652
3.23,1,1,0.05,0.03,0,0.1,-0.03,0,0.092389,-0.020403,0.1673
3.24,1,1,0.05,0.03,0,0.1,-0.03,0,0.092931,-0.021014,0.16799
3.25,1,1,0.05,0.03,0,0.1,-0.03,0,0.09346,-0.021607,0.16866
3.26,1,1,0.05,0.03,0,0.1,-0.03,0,0.093963,-0.022167,0.16928
3.27,1,1,0.05,0.03,0,0.1,-0.03,0,0.094411,-0.022656,0.1698
3.28,1,1,0.05,0.03,0,0.1,-0.03,0,0.094859,-0.023144,0.17031
3.29,1,1,0.05,0.03,0,0.1,-0.03,0,0.095252,-0.02356,0.17074
3.3,1,1,0.05,0.03,0,0.1,-0.03,0,0.095633,-0.023959,0.17115
3.31,1,1,0.05,0.03,0,0.1,-0.03,0,0.095998,-0.024334,0.17154
3.32,1,1,0.05,0.03,0,0.1,-0.03,0,0.096324,-0.024656,0.17187
3.33,1,1,0.05,0.03,0,0.1,-0.03,0,0.09665,-0.024978,0.17221
3.34,1,1,0.05,0.03,0,0.1,-0.03,0,0.096941,-0.025246,0.1725
3.35,1,1,0.05,0.03,0,0.1,-0.03,0,0.097224,-0.025502,0.17278
3.36,1,1,0.05,0.03,0,0.1,-0.03,0,0.097496,-0.025739,0.17305
3.37,1,1,0.05,0.03,0,0.1,-0.03,0,0.097744,-0.025937,0.17329
3.38,1,1,0.05,0.03,0,0.1,-0.03,0,0.097992,-0.026134,0.17353
3.39,1,1,0.05,0.03,0,0.1,-0.03,0,0.098218,-0.02629,0.17375
3.4,1,1,0.05,0.03,0,0.1,-0.03,0,0.09844,-0.026436,0.17396
3.41,1,1,0.05,0.03,0,0.1,-0.03,0,0.098656,-0.026567,0.17416
3.42,1,1,0.05,0.03,0,0.1,-0.03,0,0.09886,-0.026666,0.17435
3.43,1,1,0.05,0.03,0,0.1,-0.03,0,0.099063,-0.026766,0.17453
3.44,1,1,0.05,0.03,0,0.1,-0.03,0,0.099256,-0.02683,0.1747
3.45,1,1,0.05,0.03,0,0.1,-0.03,0,0.099448,-0.026886,0.17485
3.46,1,1,0.05,0.03,0,0.1,-0.03,0,0.099638,-0.026929,0.17501
3.47,1,1,0.05,0.03,0,0.1,-0.03,0,0.099824,-0.026944,0.17514
3.48,1,1,0.05,0.03,0,0.1,-0.03,0,0.10001,-0.026959,0.17527
3.49,1,1,0.05,0.03,0,0.1,-0.03,0,0.1002,-0.026941,0.17538
3.5,1,1,0.05,0.03,0,0.1,-0.03,0,0.10038,-0.026915,0.17548
3.51,1,1,0.05,0.03,0,0.1,-0.03,0,0.10057,-0.026876,0.17558
3.52,1,1,0.05,0.03,0,0.1,-0.03,0,0.10077,-0.026809,0.17565
3.53,1,1,0.05,0.03,0,0.1,-0.03,0,0.10096,-0.026741,0.17572
3.54,1,1,0.05,0.03,0,0.1,-0.03,0,0.10116,-0.026639,0.17576
3.55,1,1,0.05,0.03,0,0.1,-0.03,0,0.10137,-0.026527,0.17579
3.56,1,1,0.05,0.03,0,0.1,-0.03,0,0.10159,-0.026402,0.1758
3.57,1,1,0.05,0.03,0,0.1,-0.03,0,0.10181,-0.026243,0.17579
3.58,1,1,0.05,0.03,0,0.1,-0.03,0,0.10204,-0.026085,0.17577
3.59,1,1,0.05,0.03,0,0.1,-0.03,0,0.10229,-0.025884,0.17571
3.6,1,1,0.05,0.03,0,0.1,-0.03,0,0.10255,-0.025674,0.17563
3.61,1,1,0.05,0.03,0,0.1,-0.03,0,0.10281,-0.025445,0.17553
3.62,1,1,0.05,0.03,0,0.1,-0.03,0,0.10311,-0.025175,0.17539
3.63,1,1,0.05,0.03,0,0.1,-0.03,0,0.1034,-0.024905,0.17524
3.64,1,1,0.05,0.03,0,0.1,-0.03,0,0.10373,-0.024581,0.17502
3.65,1,1,0.05,0.03,0,0.1,-0.03,0,0.10406,-0.024243,0.17478
3.66,1,1,0.05,0.03,0,0.1,-0.03,0,0.10442,-0.023882,0.17451
3.67,1,1,0.05,0.03,0,0.1,-0.03,0,0.10481,-0.023466,0.17415
3.68,1,1,0.05,0.03,0,0.1,-0.03,0,0.10521,-0.02305,0.17379
3.69,1,1,0.05,0.03,0,0.1,-0.03,0,0.10565,-0.022561,0.17332
3.7,1,1,0.05,0.03,0,0.1,-0.03,0,0.10612,-0.022055,0.17281
3.71,1,1,0.05,0.03,0,0.1,-0.03,0,0.1066,-0.021516,0.17224
3.72,1,1,0.05,0.03,0,0.1,-0.03,0,0.10715,-0.020903,0.17153
3.73,0,1,0.15,0.03,0,0.1,-0.03,0,0.10769,-0.020291,0.17083
3.74,0,1,0.15,0.03,0,0.1,-0.03,0,0.1083,-0.019602,0.16999
3.75,0,1,0.15,0.03,0,0.1,-0.03,0,0.10891,-0.018895,0.16913
3.76,0,1,0.15,0.03,0,0.1,-0.03,0,0.10955,-0.018169,0.16825
3.77,0,1,0.15,0.03,0,0.1,-0.03,0,0.11021,-0.017401,0.16734
3.78,0,1,0.15,0.03,0,0.1,-0.03,0,0.11087,-0.016633,0.16643
3.79,0,1,0.15,0.03,0,0.1,-0.03,0,0.11156,-0.015834,0.16553
3.8,0,1,0.15,0.03,0,0.1,-0.03,0,0.11225,-0.015028,0.16465
3.81,0,1,0.15,0.03,0,0.1,-0.03,0,0.11295,-0.014214,0.16378
3.82,0,1,0.15,0.03,0,0.1,-0.03,0,0.11366,-0.013385,0.16297
3.83,0,1,0.15,0.03,0,0.1,-0.03,0,0.11437,-0.012556,0.16215
3.84,0,1,0.15,0.03,0,0.1,-0.03,0,0.11508,-0.011716,0.16142
3.85,0,1,0.15,0.03,0,0.1,-0.03,0,0.1158,-0.010874,0.1607
3.86,0,1,0.15,0.03,0,0.1,-0.03,0,0.11652,-0.01003,0.16002
3.87,0,1,0.15,0.03,0,0.1,-0.03,0,0.11723,-0.0091818,0.15941
3.88,0,1,0.15,0.03,0,0.1,-0.03,0,0.11795,-0.0083335,0.15881
3.89,0,1,0.15,0.03,0,0.1,-0.03,0,0.11867,-0.0074831,0.1583
3.9,0,1,0.15,0.03,0,0.1,-0.03,0,0.11939,-0.0066323,0.15781
3.91,0,1,0.15,0.03,0,0.1,-0.03,0,0.12011,-0.0057813,0.15736
3.92,0,1,0.15,0.03,0,0.1,-0.03,0,0.12083,-0.0049301,0.157
3.93,0,1,0.15,0.03,0,0.1,-0.03,0,0.12155,-0.0040789,0.15663
3.94,0,1,0.15,0.03,0,0.1,-0.03,0,0.12227,-0.0032283,0.15636
3.95,0,1,0.15,0.03,0,0.1,-0.03,0,0.12299,-0.0023779,0.15611
3.96,0,1,0.15,0.03,0,0.1,-0.03,0,0.12371,-0.0015278,0.1559
3.97,0,1,0.15,0.03,0,0.1,-0.03,0,0.12442,-0.00067849,0.15577
3.98,0,1,0.15,0.03,0,0.1,-0.03,0,0.12514,0.00017081,0.15564
3.99,0,1,0.15,0.03,0,0.1,-0.03,0,0.12586,0.0010191,0.15561
4,0,1,0.15,0.03,0,0.1,-0.03,0,0.12657,0.0018671,0.1556
4.01,0,1,0.15,0.03,0,0.1,-0.03,0,0.12729,0.0027146,0.15562
4.02,0,1,0.15,0.03,0,0.1,-0.03,0,0.128,0.0035612,0.15573
4.03,0,1,0.15,0.03,0,0.1,-0.03,0,0.12872,0.0044078,0.15583
4.04,0,1,0.15,0.03,0,0.1,-0.03,0,0.12943,0.0052529,0.15603
4.05,0,1,0.15,0.03,0,0.1,-0.03,0,0.13014,0.0060976,0.15626
4.06,0,1,0.15,0.03,0,0.1,-0.03,0,0.13086,0.0069414,0.15652
4.07,0,1,0.15,0.03,0,0.1,-0.03,0,0.13157,0.0077832,0.15686
4.08,0,1,0.15,0.03,0,0.1,-0.03,0,0.13228,0.008625,0.15721
4.09,0,1,0.15,0.03,0,0.1,-0.03,0,0.13299,0.0094627,0.15765
4.1,0,1,0.15,0.03,0,0.1,-0.03,0,0.1337,0.010299,0.15811
4.11,0,1,0.15,0.03,0,0.1,-0.03,0,0.13441,0.011133,0.15861
4.12,0,1,0.15,0.03,0,0.1,-0.03,0,0.13511,0.011961,0.15918
4.13,0,1,0.15,0.03,0,0.1,-0.03,0,0.13582,0.012789,0.15976
4.14,0,1,0.15,0.03,0,0.1,-0.03,0,0.13652,0.013605,0.16042
4.15,0,1,0.15,0.03,0,0.1,-0.03,0,0.13721,0.014417,0.1611
4.16,0,1,0.15,0.03,0,0.1,-0.03,0,0.1379,0.015222,0.16181
4.17,0,1,0.15,0.03,0,0.1,-0.03,0,0.13858,0.01601,0.16257
4.18,0,1,0.15,0.03,0,0.1,-0.03,0,0.13925,0.016798,0.16333
4.19,0,1,0.15,0.03,0,0.1,-0.03,0,0.13991,0.017554,0.16413
4.2,0,1,0.15,0.03,0,0.1,-0.03,0,0.14055,0.018302,0.16493
4.21,0,1,0.15,0.03,0,0.1,-0.03,0,0.14119,0.01903,0.16573
4.22,0,1,0.15,0.03,0,0.1,-0.03,0,0.14179,0.019717,0.16652
4.23,1,1,0.15,0.03,0,0.1,-0.03,0,0.14239,0.020403,0.1673
4.24,1,1,0.15,0.03,0,0.1,-0.03,0,0.14293,0.021014,0.16799
4.25,1,1,0.15,0.03,0,0.1,-0.03,0,0.14346,0.021607,0.16866
4.26,1,1,0.15,0.03,0,0.1,-0.03,0,0.14396,0.022167,0.16928
4.27,1,1,0.15,0.03,0,0.1,-0.03,0,0.14441,0.022656,0.16979
4.28,1,1,0.15,0.03,0,0.1,-0.03,0,0.14486,0.023144,0.17031
4.29,1,1,0.15,0.03,0,0.1,-0.03,0,0.14525,0.02356,0.17074
4.3,1,1,0.15,0.03,0,0.1,-0.03,0,0.14563,0.023959,0.17115
4.31,1,1,0.15,0.03,0,0.1,-0.03,0,0.146,0.024334,0.17153
4.32,1,1,0.15,0.03,0,0.1,-0.03,0,0.14632,0.024656,0.17187
4.33,1,1,0.15,0.03,0,0.1,-0.03,0,0.14665,0.024978,0.1722
4.34,1,1,0.15,0.03,0,0.1,-0.03,0,0.14694,0.025246,0.17249
4.35,1,1,0.15,0.03,0,0.1,-0.03,0,0.14722,0.025502,0.17278
4.36,1,1,0.15,0.03,0,0.1,-0.03,0,0.1475,0.025739,0.17305
4.37,1,1,0.15,0.03,0,0.1,-0.03,0,0.14774,0.025937,0.17329
4.38,1,1,0.15,0.03,0,0.1,-0.03,0,0.14799,0.026134,0.17353
4.39,1,1,0.15,0.03,0,0.1,-0.03,0,0.14822,0.02629,0.17375
4.4,1,1,0.15,0.03,0,0.1,-0.03,0,0.14844,0.026436,0.17396
4.41,1,1,0.15,0.03,0,0.1,-0.03,0,0.14866,0.026567,0.17416
4.42,1,1,0.15,0.03,0,0.1,-0.03,0,0.14886,0.026666,0.17434
4.43,1,1,0.15,0.03,0,0.1,-0.03,0,0.14906,0.026766,0.17453
4.44,1,1,0.15,0.03,0,0.1,-0.03,0,0.14926,0.02683,0.17469
4.45,1,1,0.15,0.03,0,0.1,-0.03,0,0.14945,0.026886,0.17485
4.46,1,1,0.15,0.03,0,0.1,-0.03,0,0.14964,0.026929,0.175
4.47,1,1,0.15,0.03,0,0.1,-0.03,0,0.14982,0.026944,0.17514
4.48,1,1,0.15,0.03,0,0.1,-0.03,0,0.15001,0.026959,0.17527
4.49,1,1,0.15,0.03,0,0.1,-0.03,0,0.1502,0.026941,0.17538
4.5,1,1,0.15,0.03,0,0.1,-0.03,0,0.15038,0.026915,0.17548
4.51,1,1,0.15,0.03,0,0.1,-0.03,0,0.15057,0.026876,0.17557
4.52,1,1,0.15,0.03,0,0.1,-0.03,0,0.15077,0.026809,0.17564
4.53,1,1,0.15,0.03,0,0.1,-0.03,0,0.15096,0.026741,0.17571
4.54,1,1,0.15,0.03,0,0.1,-0.03,0,0.15116,0.026639,0.17575
4.55,1,1,0.15,0.03,0,0.1,-0.03,0,0.15137,0.026528,0.17578
4.56,1,1,0.15,0.03,0,0.1,-0.03,0,0.15159,0.026402,0.1758
4.57,1,1,0.15,0.03,0,0.1,-0.03,0,0.15181,0.026243,0.17578
4.58,1,1,0.15,0.03,0,0.1,-0.03,0,0.15204,0.026085,0.17577
4.59,1,1,0.15,0.03,0,0.1,-0.03,0,0.15229,0.025884,0.1757
4.6,1,1,0.15,0.03,0,0.1,-0.03,0,0.15255,0.025674,0.17563
4.61,1,1,0.15,0.03,0,0.1,-0.03,0,0.15281,0.025445,0.17553
4.62,1,1,0.15,0.03,0,0.1,-0.03,0,0.15311,0.025175,0.17539
4.63,1,1,0.15,0.03,0,0.1,-0.03,0,0.1534,0.024905,0.17524
4.64,1,1,0.15,0.03,0,0.1,-0.03,0,0.15373,0.024581,0.17502
4.65,1,1,0.15,0.03,0,0.1,-0.03,0,0.15406,0.024243,0.17478
4.66,1,1,0.15,0.03,0,0.1,-0.03,0,0.15442,0.023882,0.1745
4.67,1,1,0.15,0.03,0,0.1,-0.03,0,0.15481,0.023466,0.17415
4.68,1,1,0.15,0.03,0,0.1,-0.03,0,0.15521,0.023051,0.17379
4.69,1,1,0.15,0.03,0,0.1,-0.03,0,0.15565,0.022561,0.17331
4.7,1,1,0.15,0.03,0,0.1,-0.03,0,0.15612,0.022055,0.17281
4.71,1,1,0.15,0.03,0,0.1,-0.03,0,0.1566,0.021516,0.17224
4.72,1,1,0.15,0.03,0,0.1,-0.03,0,0.15715,0.020903,0.17153
4.73,1,0,0.15,0.03,0,0.1,-0.03,0,0.15769,0.020291,0.17083
4.74,1,0,0.15,0.03,0,0.1,-0.03,0,0.1583,0.019602,0.16999
4.75,1,0,0.15,0.03,0,0.1,-0.03,0,0.15891,0.018895,0.16913
4.76,1,0,0.15,0.03,0,0.1,-0.03,0,0.15955,0.01817,0.16825
4.77,1,0,0.15,0.03,0,0.1,-0.03,0,0.16021,0.017401,0.16734
4.78,1,0,0.15,0.03,0,0.1,-0.03,0,0.16087,0.016633,0.16643
4.79,1,0,0.15,0.03,0,0.1,-0.03,0,0.16156,0.015834,0.16553
4.8,1,0,0.15,0.03,0,0.1,-0.03,0,0.16225,0.015028,0.16465
4.81,1,0,0.15,0.03,0,0.1,-0.03,0,0.16295,0.014214,0.16378
4.82,1,0,0.15,0.03,0,0.1,-0.03,0,0.16366,0.013385,0.16297
4.83,1,0,0.15,0.03,0,0.1,-0.03,0,0.16437,0.012556,0.16215
4.84,1,0,0.15,0.03,0,0.1,-0.03,0,0.16508,0.011716,0.16142
4.85,1,0,0.15,0.03,0,0.1,-0.03,0,0.1658,0.010874,0.1607
4.86,1,0,0.15,0.03,0,0.1,-0.03,0,0.16652,0.01003,0.16002
4.87,1,0,0.15,0.03,0,0.1,-0.03,0,0.16723,0.009182,0.15941
4.88,1,0,0.15,0.03,0,0.1,-0.03,0,0.16795,0.0083336,0.15881
4.89,1,0,0.15,0.03,0,0.1,-0.03,0,0.16867,0.0074832,0.1583
4.9,1,0,0.15,0.03,0,0.1,-0.03,0,0.16939,0.0066324,0.15781
4.91,1,0,0.15,0.03,0,0.1,-0.03,0,0.17011,0.0057814,0.15736
4.92,1,0,0.15,0.03,0,0.1,-0.03,0,0.17083,0.0049302,0.157
4.93,1,0,0.15,0.03,0,0.1,-0.03,0,0.17155,0.004079,0.15663
4.94,1,0,0.15,0.03,0,0.1,-0.03,0,0.17227,0.0032284,0.15636
4.95,1,0,0.15,0.03,0,0.1,-0.03,0,0.17299,0.0023779,0.15611
4.96,1,0,0.15,0.03,0,0.1,-0.03,0,0.17371,0.0015278,0.1559
4.97,1,0,0.15,0.03,0,0.1,-0.03,0,0.17442,0.00067852,0.15577
4.98,1,0,0.15,0.03,0,0.1,-0.03,0,0.17514,-0.00017079,0.15564
4.99,1,0,0.15,0.03,0,0.1,-0.03,0,0.17586,-0.0010191,0.15561
5,1,0,0.15,0.03,0,0.1,-0.03,0,0.17657,-0.0018671,0.1556
5.01,1,0,0.15,0.03,0,0.1,-0.03,0,0.17729,-0.0027146,0.15562
5.02,1,0,0.15,0.03,0,0.1,-0.03,0,0.178,-0.0035612,0.15573
5.03,1,0,0.15,0.03,0,0.1,-0.03,0,0.17872,-0.0044078,0.15583
5.04,1,0,0.15,0.03,0,0.1,-0.03,0,0.17943,-0.0052529,0.15603
5.05,1,0,0.15,0.03,0,0.1,-0.03,0,0.18014,-0.0060977,0.15626
5.06,1,0,0.15,0.03,0,0.1,-0.03,0,0.18086,-0.0069415,0.15652
5.07,1,0,0.15,0.03,0,0.1,-0.03,0,0.18157,-0.0077833,0.15686
5.08,1,0,0.15,0.03,0,0.1,-0.03,0,0.18228,-0.0086251,0.15721
5.09,1,0,0.15,0.03,0,0.1,-0.03,0,0.18299,-0.0094628,0.15765
5.1,1,0,0.15,0.03,0,0.1,-0.03,0,0.1837,-0.010299,0.15811
5.11,1,0,0.15,0.03,0,0.1,-0.03,0,0.18441,-0.011133,0.15861
5.12,1,0,0.15,0.03,0,0.1,-0.03,0,0.18511,-0.011961,0.15918
5.13,1,0,0.15,0.03,0,0.1,-0.03,0,0.18582,-0.012789,0.15976
5.14,1,0,0.15,0.03,0,0.1,-0.03,0,0.18652,-0.013605,0.16042
5.15,1,0,0.15,0.03,0,0.1,-0.03,0,0.18721,-0.014418,0.1611
5.16,1,0,0.15,0.03,0,0.1,-0.03,0,0.1879,-0.015223,0.16181
5.17,1,0,0.15,0.03,0,0.1,-0.03,0,0.18858,-0.01601,0.16257
5.18,1,0,0.15,0.03,0,0.1,-0.03,0,0.18925,-0.016798,0.16333
5.19,1,0,0.15,0.03,0,0.1,-0.03,0,0.18991,-0.017554,0.16413
5.2,1,0,0.15,0.03,0,0.1,-0.03,0,0.19055,-0.018302,0.16493
5.21,1,0,0.15,0.03,0,0.1,-0.03,0,0.19119,-0.019031,0.16573
5.22,1,0,0.15,0.03,0,0.1,-0.03,0,0.19179,-0.019717,0.16652
5.23,1,1,0.15,0.03,0,0.2,-0.03,0,0.19239,-0.020403,0.1673
5.24,1,1,0.15,0.03,0,0.2,-0.03,0,0.19293,-0.021014,0.16799
5.25,1,1,0.15,0.03,0,0.2,-0.03,0,0.19346,-0.021607,0.16866
5.26,1,1,0.15,0.03,0,0.2,-0.03,0,0.19396,-0.022167,0.16928
5.27,1,1,0.15,0.03,0,0.2,-0.03,0,0.19441,-0.022656,0.16979
5.28,1,1,0.15,0.03,0,0.2,-0.03,0,0.19486,-0.023144,0.17031
5.29,1,1,0.15,0.03,0,0.2,-0.03,0,0.19525,-0.02356,0.17074
5.3,1,1,0.15,0.03,0,0.2,-0.03,0,0.19563,-0.023959,0.17115
5.31,1,1,0.15,0.03,0,0.2,-0.03,0,0.196,-0.024334,0.17153
5.32,1,1,0.15,0.03,0,0.2,-0.03,0,0.19632,-0.024656,0.17187
5.33,1,1,0.15,0.03,0,0.2,-0.03,0,0.19665,-0.024978,0.1722
5.34,1,1,0.15,0.03,0,0.2,-0.03,0,0.19694,-0.025246,0.17249
5.35,1,1,0.15,0.03,0,0.2,-0.03,0,0.19722,-0.025502,0.17278
5.36,1,1,0.15,0.03,0,0.2,-0.03,0,0.1975,-0.025739,0.17304
5.37,1,1,0.15,0.03,0,0.2,-0.03,0,0.19774,-0.025937,0.17329
5.38,1,1,0.15,0.03,0,0.2,-0.03,0,0.19799,-0.026134,0.17353
5.39,1,1,0.15,0.03,0,0.2,-0.03,0,0.19822,-0.02629,0.17375
5.4,1,1,0.15,0.03,0,0.2,-0.03,0,0.19844,-0.026436,0.17396
5.41,1,1,0.15,0.03,0,0.2,-0.03,0,0.19866,-0.026567,0.17416
5.42,1,1,0.15,0.03,0,0.2,-0.03,0,0.19886,-0.026666,0.17434
5.43,1,1,0.15,0.03,0,0.2,-0.03,0,0.19906,-0.026766,0.17453
5.44,1,1,0.15,0.03,0,0.2,-0.03,0,0.19926,-0.02683,0.17469
5.45,1,1,0.15,0.03,0,0.2,-0.03,0,0.19945,-0.026886,0.17485
5.46,1,1,0.15,0.03,0,0.2,-0.03,0,0.19964,-0.026929,0.175
5.47,1,1,0.15,0.03,0,0.2,-0.03,0,0.19982,-0.026944,0.17513
5.48,1,1,0.15,0.03,0,0.2,-0.03,0,0.20001,-0.026959,0.17527
5.49,1,1,0.15,0.03,0,0.2,-0.03,0,0.2002,-0.026941,0.17538
5.5,1,1,0.15,0.03,0,0.2,-0.03,0,0.20038,-0.026915,0.17548
5.51,1,1,0.15,0.03,0,0.2,-0.03,0,0.20057,-0.026876,0.17557
5.52,1,1,0.15,0.03,0,0.2,-0.03,0,0.20077,-0.026809,0.17564
5.53,1,1,0.15,0.03,0,0.2,-0.03,0,0.20096,-0.026741,0.17571
5.54,1,1,0.15,0.03,0,0.2,-0.03,0,0.20116,-0.026639,0.17575
5.55,1,1,0.15,0.03,0,0.2,-0.03,0,0.20137,-0.026527,0.17578
5.56,1,1,0.15,0.03,0,0.2,-0.03,0,0.20159,-0.026402,0.1758
5.57,1,1,0.15,0.03,0,0.2,-0.03,0,0.20181,-0.026243,0.17578
5.58,1,1,0.15,0.03,0,0.2,-0.03,0,0.20204,-0.026085,0.17577
5.59,1,1,0.15,0.03,0,0.2,-0.03,0,0.20229,-0.025884,0.1757
5.6,1,1,0.15,0.03,0,0.2,-0.03,0,0.20255,-0.025674,0.17563
5.61,1,1,0.15,0.03,0,0.2,-0.03,0,0.20281,-0.025445,0.17553
5.62,1,1,0.15,0.03,0,0.2,-0.03,0,0.20311,-0.025175,0.17539
5.63,1,1,0.15,0.03,0,0.2,-0.03,0,0.2034,-0.024905,0.17524
5.64,1,1,0.15,0.03,0,0.2,-0.03,0,0.20373,-0.024581,0.17502
5.65,1,1,0.15,0.03,0,0.2,-0.03,0,0.20406,-0.024243,0.17478
5.66,1,1,0.15,0.03,0,0.2,-0.03,0,0.20442,-0.023882,0.1745
5.67,1,1,0.15,0.03,0,0.2,-0.03,0,0.20481,-0.023466,0.17415
5.68,1,1,0.15,0.03,0,0.2,-0.03,0,0.20521,-0.02305,0.17379
5.69,1,1,0.15,0.03,0,0.2,-0.03,0,0.20565,-0.022561,0.17331
5.7,1,1,0.15,0.03,0,0.2,-0.03,0,0.20612,-0.022055,0.17281
5.71,1,1,0.15,0.03,0,0.2,-0.03,0,0.2066,-0.021516,0.17224
5.72,1,1,0.15,0.03,0,0.2,-0.03,0,0.20715,-0.020903,0.17153
5.73,0,1,0.25,0.03,0,0.2,-0.03,0,0.20769,-0.020291,0.17083
5.74,0,1,0.25,0.03,0,0.2,-0.03,0,0.2083,-0.019602,0.16999
5.75,0,1,0.25,0.03,0,0.2,-0.03,0,0.20891,-0.018895,0.16913
5.76,0,1,0.25,0.03,0,0.2,-0.03,0,0.20955,-0.018169,0.16825
5.77,0,1,0.25,0.03,0,0.2,-0.03,0,0.21021,-0.017401,0.16734
5.78,0,1,0.25,0.03,0,0.2,-0.03,0,0.21087,-0.016633,0.16643
5.79,0,1,0.25,0.03,0,0.2,-0.03,0,0.21156,-0.015834,0.16553
5.8,0,1,0.25,0.03,0,0.2,-0.03,0,0.21225,-0.015028,0.16465
5.81,0,1,0.25,0.03,0,0.2,-0.03,0,0.21295,-0.014214,0.16378
5.82,0,1,0.25,0.03,0,0.2,-0.03,0,0.21366,-0.013385,0.16297
5.83,0,1,0.25,0.03,0,0.2,-0.03,0,0.21437,-0.012556,0.16215
5.84,0,1,0.25,0.03,0,0.2,-0.03,0,0.21508,-0.011716,0.16142
5.85,0,1,0.25,0.03,0,0.2,-0.03,0,0.2158,-0.010874,0.1607
5.86,0,1,0.25,0.03,0,0.2,-0.03,0,0.21652,-0.01003,0.16002
5.87,0,1,0.25,0.03,0,0.2,-0.03,0,0.21723,-0.0091819,0.15941
5.88,0,1,0.25,0.03,0,0.2,-0.03,0,0.21795,-0.0083335,0.15881
5.89,0,1,0.25,0.03,0,0.2,-0.03,0,0.21867,-0.0074832,0.1583
5.9,0,1,0.25,0.03,0,0.2,-0.03,0,0.21939,-0.0066323,0.15781
5.91,0,1,0.25,0.03,0,0.2,-0.03,0,0.22011,-0.0057813,0.15736
5.92,0,1,0.25,0.03,0,0.2,-0.03,0,0.22083,-0.0049302,0.157
5.93,0,1,0.25,0.03,0,0.2,-0.03,0,0.22155,-0.004079,0.15663
5.94,0,1,0.25,0.03,0,0.2,-0.03,0,0.22227,-0.0032284,0.15636
5.95,0,1,0.25,0.03,0,0.2,-0.03,0,0.22299,-0.0023779,0.15611
5.96,0,1,0.25,0.03,0,0.2,-0.03,0,0.22371,-0.0015278,0.1559
5.97,0,1,0.25,0.03,0,0.2,-0.03,0,0.22442,-0.00067851,0.15577
5.98,0,1,0.25,0.03,0,0.2,-0.03,0,0.22514,0.00017079,0.15564
5.99,0,1,0.25,0.03,0,0.2,-0.03,0,0.22586,0.001019,0.15561
6,0,1,0.25,0.03,0,0.2,-0.03,0,0.22657,0.0018671,0.1556
6.01,0,1,0.25,0.03,0,0.2,-0.03,0,0.22729,0.0027146,0.15562
6.02,0,1,0.25,0.03,0,0.2,-0.03,0,0.228,0.0035612,0.15573
6.03,0,1,0.25,0.03,0,0.2,-0.03,0,0.22872,0.0044078,0.15583
6.04,0,1,0.25,0.03,0,0.2,-0.03,0,0.22943,0.0052529,0.15603
6.05,0,1,0.25,0.03,0,0.2,-0.03,0,0.23014,0.0060976,0.15626
6.06,0,1,0.25,0.03,0,0.2,-0.03,0,0.23086,0.0069414,0.15652
6.07,0,1,0.25,0.03,0,0.2,-0.03,0,0.23157,0.0077832,0.15686
6.08,0,1,0.25,0.03,0,0.2,-0.03,0,0.23228,0.008625,0.15721
6.09,0,1,0.25,0.03,0,0.2,-0.03,0,0.23299,0.0094627,0.15765
6.1,0,1,0.25,0.03,0,0.2,-0.03,0,0.2337,0.010299,0.15811
6.11,0,1,0.25,0.03,0,0.2,-0.03,0,0.23441,0.011133,0.15861
6.12,0,1,0.25,0.03,0,0.2,-0.03,0,0.23511,0.011961,0.15918
6.13,0,1,0.25,0.03,0,0.2,-0.03,0,0.23582,0.012789,0.15976
6.14,0,1,0.25,0.03,0,0.2,-0.03,0,0.23652,0.013605,0.16042
6.15,0,1,0.25,0.03,0,0.2,-0.03,0,0.23721,0.014417,0.1611
6.16,0,1,0.25,0.03,0,0.2,-0.03,0,0.2379,0.015222,0.16181
6.17,0,1,0.25,0.03,0,0.2,-0.03,0,0.23858,0.01601,0.16257
6.18,0,1,0.25,0.03,0,0.2,-0.03,0,0.23925,0.016798,0.16333
6.19,0,1,0.25,0.03,0,0.2,-0.03,0,0.23991,0.017554,0.16413
6.2,0,1,0.25,0.03,0,0.2,-0.03,0,0.24055,0.018302,0.16493
6.21,0,1,0.25,0.03,0,0.2,-0.03,0,0.24119,0.01903,0.16573
6.22,0,1,0.25,0.03,0,0.2,-0.03,0,0.24179,0.019717,0.16652
6.23,1,1,0.25,0.03,0,0.2,-0.03,0,0.24239,0.020403,0.1673
6.24,1,1,0.25,0.03,0,0.2,-0.03,0,0.24293,0.021014,0.16799
6.25,1,1,0.25,0.03,0,0.2,-0.03,0,0.24346,0.021607,0.16866
6.26,1,1,0.25,0.03,0,0.2,-0.03,0,0.24396,0.022167,0.16928
6.27,1,1,0.25,0.03,0,0.2,-0.03,0,0.24441,0.022656,0.16979
6.28,1,1,0.25,0.03,0,0.2,-0.03,0,0.24486,0.023144,0.17031
6.29,1,1,0.25,0.03,0,0.2,-0.03,0,0.24525,0.02356,0.17074
6.3,1,1,0.25,0.03,0,0.2,-0.03,0,0.24563,0.023959,0.17115
6.31,1,1,0.25,0.03,0,0.2,-0.03,0,0.246,0.024334,0.17153
6.32,1,1,0.25,0.03,0,0.2,-0.03,0,0.24632,0.024656,0.17187
6.33,1,1,0.25,0.03,0,0.2,-0.03,0,0.24665,0.024978,0.1722
6.34,1,1,0.25,0.03,0,0.2,-0.03,0,0.24694,0.025246,0.1725
6.35,1,1,0.25,0.03,0,0.2,-0.03,0,0.24722,0.025502,0.17278
6.36,1,1,0.25,0.03,0,0.2,-0.03,0,0.2475,0.025739,0.17305
6.37,1,1,0.25,0.03,0,0.2,-0.03,0,0.24774,0.025937,0.17329
6.38,1,1,0.25,0.03,0,0.2,-0.03,0,0.24799,0.026134,0.17353
6.39,1,1,0.25,0.03,0,0.2,-0.03,0,0.24822,0.02629,0.17375
6.4,1,1,0.25,0.03,0,0.2,-0.03,0,0.24844,0.026436,0.17396
6.41,1,1,0.25,0.03,0,0.2,-0.03,0,0.24866,0.026567,0.17416
6.42,1,1,0.25,0.03,0,0.2,-0.03,0,0.24886,0.026666,0.17435
6.43,1,1,0.25,0.03,0,0.2,-0.03,0,0.24906,0.026766,0.17453
6.44,1,1,0.25,0.03,0,0.2,-0.03,0,0.24926,0.02683,0.17469
6.45,1,1,0.25,0.03,0,0.2,-0.03,0,0.24945,0.026886,0.17485
6.46,1,1,0.25,0.03,0,0.2,-0.03,0,0.24964,0.026929,0.175
6.47,1,1,0.25,0.03,0,0.2,-0.03,0,0.24982,0.026944,0.17514
6.48,1,1,0.25,0.03,0,0.2,-0.03,0,0.25001,0.026959,0.17527
6.49,1,1,0.25,0.03,0,0.2,-0.03,0,0.2502,0.026941,0.17538
6.5,1,1,0.25,0.03,0,0.2,-0.03,0,0.25038,0.026915,0.17548
6.51,1,1,0.25,0.03,0,0.2,-0.03,0,0.25057,0.026876,0.17558
6.52,1,1,0.25,0.03,0,0.2,-0.03,0,0.25077,0.026809,0.17565
6.53,1,1,0.25,0.03,0,0.2,-0.03,0,0.25096,0.026741,0.17572
6.54,1,1,0.25,0.03,0,0.2,-0.03,0,0.25116,0.026639,0.17575
6.55,1,1,0.25,0.03,0,0.2,-0.03,0,0.25137,0.026527,0.17579
6.56,1,1,0.25,0.03,0,0.2,-0.03,0,0.25159,0.026402,0.1758
6.57,1,1,0.25,0.03,0,0.2,-0.03,0,0.25181,0.026243,0.17579
6.58,1,1,0.25,0.03,0,0.2,-0.03,0,0.25204,0.026085,0.17577
6.59,1,1,0.25,0.03,0,0.2,-0.03,0,0.25229,0.025884,0.17571
6.6,1,1,0.25,0.03,0,0.2,-0.03,0,0.25255,0.025674,0.17563
6.61,1,1,0.25,0.03,0,0.2,-0.03,0,0.25281,0.025445,0.17553
6.62,1,1,0.25,0.03,0,0.2,-0.03,0,0.25311,0.025175,0.17539
6.63,1,1,0.25,0.03,0,0.2,-0.03,0,0.2534,0.024905,0.17524
6.64,1,1,0.25,0.03,0,0.2,-0.03,0,0.25373,0.024581,0.17502
6.65,1,1,0.25,0.03,0,0.2,-0.03,0,0.25406,0.024243,0.17478
6.66,1,1,0.25,0.03,0,0.2,-0.03,0,0.25442,0.023882,0.17451
6.67,1,1,0.25,0.03,0,0.2,-0.03,0,0.25481,0.023466,0.17415
6.68,1,1,0.25,0.03,0,0.2,-0.03,0,0.25521,0.02305,0.17379
6.69,1,1,0.25,0.03,0,0.2,-0.03,0,0.25565,0.022561,0.17332
6.7,1,1,0.25,0.03,0,0.2,-0.03,0,0.25612,0.022055,0.17281
6.71,1,1,0.25,0.03,0,0.2,-0.03,0,0.2566,0.021516,0.17224
6.72,1,1,0.25,0.03,0,0.2,-0.03,0,0.25715,0.020903,0.17153
6.73,1,0,0.25,0.03,0,0.2,-0.03,0,0.25769,0.020291,0.17083
6.74,1,0,0.25,0.03,0,0.2,-0.03,0,0.2583,0.019602,0.16999
6.75,1,0,0.25,0.03,0,0.2,-0.03,0,0.25891,0.018895,0.16913
6.76,1,0,0.25,0.03,0,0.2,-0.03,0,0.25955,0.018169,0.16825
6.77,1,0,0.25,0.03,0,0.2,-0.03,0,0.26021,0.017401,0.16734
6.78,1,0,0.25,0.03,0,0.2,-0.03,0,0.26087,0.016633,0.16643
6.79,1,0,0.25,0.03,0,0.2,-0.03,0,0.26156,0.015834,0.16553
6.8,1,0,0.25,0.03,0,0.2,-0.03,0,0.26225,0.015028,0.16465
6.81,1,0,0.25,0.03,0,0.2,-0.03,0,0.26295,0.014214,0.16378
6.82,1,0,0.25,0.03,0,0.2,-0.03,0,0.26366,0.013385,0.16297
6.83,1,0,0.25,0.03,0,0.2,-0.03,0,0.26437,0.012556,0.16215
6.84,1,0,0.25,0.03,0,0.2,-0.03,0,0.26508,0.011716,0.16142
6.85,1,0,0.25,0.03,0,0.2,-0.03,0,0.2658,0.010874,0.1607
6.86,1,0,0.25,0.03,0,0.2,-0.03,0,0.26652,0.01003,0.16002
6.87,1,0,0.25,0.03,0,0.2,-0.03,0,0.26724,0.0091818,0.15941
6.88,1,0,0.25,0.03,0,0.2,-0.03,0,0.26795,0.0083334,0.15881
6.89,1,0,0.25,0.03,0,0.2,-0.03,0,0.26867,0.0074831,0.1583
6.9,1,0,0.25,0.03,0,0.2,-0.03,0,0.26939,0.0066322,0.15781
6.91,1,0,0.25,0.03,0,0.2,-0.03,0,0.27011,0.0057813,0.15736
6.92,1,0,0.25,0.03,0,0.2,-0.03,0,0.27083,0.0049301,0.15699
6.93,1,0,0.25,0.03,0,0.2,-0.03,0,0.27155,0.0040789,0.15663
6.94,1,0,0.25,0.03,0,0.2,-0.03,0,0.27227,0.0032283,0.15635
6.95,1,0,0.25,0.03,0,0.2,-0.03,0,0.27299,0.0023779,0.15611
6.96,1,0,0.25,0.03,0,0.2,-0.03,0,0.27371,0.0015278,0.15589
6.97,1,0,0.25,0.03,0,0.2,-0.03,0,0.27442,0.00067849,0.15576
6.98,1,0,0.25,0.03,0,0.2,-0.03,0,0.27514,-0.0001708,0.15564
6.99,1,0,0.25,0.03,0,0.2,-0.03,0,0.27586,-0.001019,0.1556
7,1,0,0.25,0.03,0,0.2,-0.03,0,0.27657,-0.001867,0.15559
7.01,1,0,0.25,0.03,0,0.2,-0.03,0,0.27729,-0.0027146,0.15561
7.02,1,0,0.25,0.03,0,0.2,-0.03,0,0.278,-0.0035611,0.15572
7.03,1,0,0.25,0.03,0,0.2,-0.03,0,0.27872,-0.0044077,0.15582
7.04,1,0,0.25,0.03,0,0.2,-0.03,0,0.27943,-0.0052527,0.15603
7.05,1,0,0.25,0.03,0,0.2,-0.03,0,0.28014,-0.0060974,0.15625
7.06,1,0,0.25,0.03,0,0.2,-0.03,0,0.28086,-0.0069412,0.15651
7.07,1,0,0.25,0.03,0,0.2,-0.03,0,0.28157,-0.007783,0.15686
7.08,1,0,0.25,0.03,0,0.2,-0.03,0,0.28228,-0.0086248,0.1572
7.09,1,0,0.25,0.03,0,0.2,-0.03,0,0.28299,-0.0094624,0.15764
7.1,1,0,0.25,0.03,0,0.2,-0.03,0,0.2837,-0.010299,0.1581
7.11,1,0,0.25,0.03,0,0.2,-0.03,0,0.28441,-0.011133,0.1586
7.12,1,0,0.25,0.03,0,0.2,-0.03,0,0.28511,-0.011961,0.15918
7.13,1,0,0.25,0.03,0,0.2,-0.03,0,0.28582,-0.012789,0.15975
7.14,1,0,0.25,0.03,0,0.2,-0.03,0,0.28652,-0.013604,0.16042
7.15,1,0,0.25,0.03,0,0.2,-0.03,0,0.28721,-0.014417,0.1611
7.16,1,0,0.25,0.03,0,0.2,-0.03,0,0.2879,-0.015222,0.1618
7.17,1,0,0.25,0.03,0,0.2,-0.03,0,0.28858,-0.01601,0.16256
7.18,1,0,0.25,0.03,0,0.2,-0.03,0,0.28925,-0.016798,0.16333
7.19,1,0,0.25,0.03,0,0.2,-0.03,0,0.28991,-0.017553,0.16412
7.2,1,0,0.25,0.03,0,0.2,-0.03,0,0.29055,-0.018301,0.16493
7.21,1,0,0.25,0.03,0,0.2,-0.03,0,0.29119,-0.01903,0.16573
7.22,1,0,0.25,0.03,0,0.2,-0.03,0,0.29179,-0.019716,0.16651
7.23,1,1,0.25,0.03,0,0.3,-0.03,0,0.29239,-0.020403,0.1673
7.24,1,1,0.25,0.03,0,0.3,-0.03,0,0.29293,-0.021014,0.16799
7.25,1,1,0.25,0.03,0,0.3,-0.03,0,0.29346,-0.021606,0.16866
7.26,1,1,0.25,0.03,0,0.3,-0.03,0,0.29396,-0.022167,0.16928
7.27,1,1,0.25,0.03,0,0.3,-0.03,0,0.29441,-0.022655,0.1698
7.28,1,1,0.25,0.03,0,0.3,-0.03,0,0.29486,-0.023144,0.17032
7.29,1,1,0.25,0.03,0,0.3,-0.03,0,0.29525,-0.02356,0.17075
7.3,1,1,0.25,0.03,0,0.3,-0.03,0,0.29563,-0.023959,0.17116
7.31,1,1,0.25,0.03,0,0.3,-0.03,0,0.296,-0.024334,0.17154
7.32,1,1,0.25,0.03,0,0.3,-0.03,0,0.29632,-0.024656,0.17188
7.33,1,1,0.25,0.03,0,0.3,-0.03,0,0.29665,-0.024978,0.17222
7.34,1,1,0.25,0.03,0,0.3,-0.03,0,0.29694,-0.025246,0.17251
7.35,1,1,0.25,0.03,0,0.3,-0.03,0,0.29722,-0.025501,0.17279
7.36,1,1,0.25,0.03,0,0.3,-0.03,0,0.2975,-0.025739,0.17306
7.37,1,1,0.25,0.03,0,0.3,-0.03,0,0.29774,-0.025936,0.1733
7.38,1,1,0.25,0.03,0,0.3,-0.03,0,0.29799,-0.026133,0.17355
7.39,1,1,0.25,0.03,0,0.3,-0.03,0,0.29822,-0.026289,0.17377
7.4,1,1,0.25,0.03,0,0.3,-0.03,0,0.29844,-0.026435,0.17398
7.41,1,1,0.25,0.03,0,0.3,-0.03,0,0.29866,-0.026566,0.17418
7.42,1,1,0.25,0.03,0,0.3,-0.03,0,0.29886,-0.026666,0.17437
7.43,1,1,0.25,0.03,0,0.3,-0.03,0,0.29906,-0.026765,0.17455
7.44,1,1,0.25,0.03,0,0.3,-0.03,0,0.29926,-0.026829,0.17472
7.45,1,1,0.25,0.03,0,0.3,-0.03,0,0.29945,-0.026885,0.17488
7.46,1,1,0.25,0.03,0,0.3,-0.03,0,0.29964,-0.026928,0.17503
7.47,1,1,0.25,0.03,0,0.3,-0.03,0,0.29982,-0.026943,0.17517
7.48,1,1,0.25,0.03,0,0.3,-0.03,0,0.30001,-0.026958,0.1753
7.49,1,1,0.25,0.03,0,0.3,-0.03,0,0.3002,-0.02694,0.17541
7.5,1,1,0.25,0.03,0,0.3,-0.03,0,0.30038,-0.026914,0.17551
7.51,1,1,0.25,0.03,0,0.3,-0.03,0,0.30057,-0.026875,0.17561
7.52,1,1,0.25,0.03,0,0.3,-0.03,0,0.30077,-0.026808,0.17568
7.53,1,1,0.25,0.03,0,0.3,-0.03,0,0.30096,-0.02674,0.17575
7.54,1,1,0.25,0.03,0,0.3,-0.03,0,0.30116,-0.026637,0.17579
7.55,1,1,0.25,0.03,0,0.3,-0.03,0,0.30137,-0.026526,0.17582
7.56,1,1,0.25,0.03,0,0.3,-0.03,0,0.30159,-0.0264,0.17584
7.57,1,1,0.25,0.03,0,0.3,-0.03,0,0.30181,-0.026242,0.17582
7.58,1,1,0.25,0.03,0,0.3,-0.03,0,0.30204,-0.026084,0.17581
7.59,1,1,0.25,0.03,0,0.3,-0.03,0,0.30229,-0.025883,0.17574
7.6,1,1,0.25,0.03,0,0.3,-0.03,0,0.30255,-0.025672,0.17567
7.61,1,1,0.25,0.03,0,0.3,-0.03,0,0.30281,-0.025443,0.17557
7.62,1,1,0.25,0.03,0,0.3,-0.03,0,0.30311,-0.025173,0.17542
7.63,1,1,0.25,0.03,0,0.3,-0.03,0,0.3034,-0.024903,0.17527
7.64,1,1,0.25,0.03,0,0.3,-0.03,0,0.30373,-0.024579,0.17505
7.65,1,1,0.25,0.03,0,0.3,-0.03,0,0.30406,-0.024241,0.17481
7.66,1,1,0.25,0.03,0,0.3,-0.03,0,0.30442,-0.023879,0.17454
7.67,1,1,0.25,0.03,0,0.3,-0.03,0,0.30481,-0.023464,0.17418
7.68,1,1,0.25,0.03,0,0.3,-0.03,0,0.3052,-0.023048,0.17382
7.69,1,1,0.25,0.03,0,0.3,-0.03,0,0.30565,-0.022559,0.17334
7.7,1,1,0.25,0.03,0,0.3,-0.03,0,0.30611,-0.022052,0.17283
7.71,1,1,0.25,0.03,0,0.3,-0.03,0,0.3066,-0.021513,0.17226
7.72,1,1,0.25,0.03,0,0.3,-0.03,0,0.30714,-0.020901,0.17155
7.73,0,1,0.35,0.03,0,0.3,-0.03,0,0.30769,-0.020288,0.17084
7.74,0,1,0.35,0.03,0,0.3,-0.03,0,0.30829,-0.019599,0.17
7.75,0,1,0.35,0.03,0,0.3,-0.03,0,0.30891,-0.018892,0.16913
7.76,0,1,0.35,0.03,0,0.3,-0.03,0,0.30954,-0.018166,0.16825
7.77,0,1,0.35,0.03,0,0.3,-0.03,0,0.3102,-0.017398,0.16733
7.78,0,1,0.35,0.03,0,0.3,-0.03,0,0.31087,-0.01663,0.16641
7.79,0,1,0.35,0.03,0,0.3,-0.03,0,0.31156,-0.015831,0.16552
7.8,0,1,0.35,0.03,0,0.3,-0.03,0,0.31225,-0.015024,0.16463
7.81,0,1,0.35,0.03,0,0.3,-0.03,0,0.31294,-0.014211,0.16375
7.82,0,1,0.35,0.03,0,0.3,-0.03,0,0.31365,-0.013381,0.16293
7.83,0,1,0.35,0.03,0,0.3,-0.03,0,0.31436,-0.012552,0.16211
7.84,0,1,0.35,0.03,0,0.3,-0.03,0,0.31507,-0.011712,0.16137
7.85,0,1,0.35,0.03,0,0.3,-0.03,0,0.31579,-0.01087,0.16065
7.86,0,1,0.35,0.03,0,0.3,-0.03,0,0.3165,-0.010026,0.15996
7.87,0,1,0.35,0.03,0,0.3,-0.03,0,0.31722,-0.0091773,0.15935
7.88,0,1,0.35,0.03,0,0.3,-0.03,0,0.31794,-0.0083288,0.15873
7.89,0,1,0.35,0.03,0,0.3,-0.03,0,0.31866,-0.0074784,0.15822
7.9,0,1,0.35,0.03,0,0.3,-0.03,0,0.31938,-0.0066274,0.15772
7.91,0,1,0.35,0.03,0,0.3,-0.03,0,0.3201,-0.0057763,0.15727
7.92,0,1,0.35,0.03,0,0.3,-0.03,0,0.32082,-0.004925,0.15689
7.93,0,1,0.35,0.03,0,0.3,-0.03,0,0.32153,-0.0040737,0.15652
7.94,0,1,0.35,0.03,0,0.3,-0.03,0,0.32225,-0.003223,0.15624
7.95,0,1,0.35,0.03,0,0.3,-0.03,0,0.32296,-0.0023724,0.15599
7.96,0,1,0.35,0.03,0,0.3,-0.03,0,0.32368,-0.0015221,0.15577
7.97,0,1,0.35,0.03,0,0.3,-0.03,0,0.32439,-0.00067263,0.15564
7.98,0,1,0.35,0.03,0,0.3,-0.03,0,0.32511,0.00017687,0.1555
7.99,0,1,0.35,0.03,0,0.3,-0.03,0,0.32582,0.0010254,0.15546
8,0,1,0.35,0.03,0,0.3,-0.03,0,0.32653,0.0018738,0.15545
8.01,0,1,0.35,0.03,0,0.3,-0.03,0,0.32725,0.0027217,0.15547
8.02,0,1,0.35,0.03,0,0.3,-0.03,0,0.32796,0.0035689,0.15557
8.03,0,1,0.35,0.03,0,0.3,-0.03,0,0.32867,0.004416,0.15567
8.04,0,1,0.35,0.03,0,0.3,-0.03,0,0.32938,0.0052618,0.15588
8.05,0,1,0.35,0.03,0,0.3,-0.03,0,0.33009,0.0061074,0.1561
8.06,0,1,0.35,0.03,0,0.3,-0.03,0,0.3308,0.0069521,0.15636
8.07,0,1,0.35,0.03,0,0.3,-0.03,0,0.3315,0.0077952,0.15671
8.08,0,1,0.35,0.03,0,0.3,-0.03,0,0.33221,0.0086382,0.15705
8.09,0,1,0.35,0.03,0,0.3,-0.03,0,0.33292,0.0094775,0.15749
8.1,0,1,0.35,0.03,0,0.3,-0.03,0,0.33362,0.010316,0.15796
8.11,0,1,0.35,0.03,0,0.3,-0.03,0,0.33432,0.011152,0.15846
8.12,0,1,0.35,0.03,0,0.3,-0.03,0,0.33502,0.011982,0.15905
8.13,0,1,0.35,0.03,0,0.3,-0.03,0,0.33572,0.012813,0.15963
8.14,0,1,0.35,0.03,0,0.3,-0.03,0,0.33641,0.013631,0.1603
8.15,0,1,0.35,0.03,0,0.3,-0.03,0,0.33709,0.014447,0.16099
8.16,0,1,0.35,0.03,0,0.3,-0.03,0,0.33777,0.015256,0.16171
8.17,0,1,0.35,0.03,0,0.3,-0.03,0,0.33844,0.016048,0.16248
8.18,0,1,0.35,0.03,0,0.3,-0.03,0,0.33911,0.01684,0.16326
8.19,0,1,0.35,0.03,0,0.3,-0.03,0,0.33975,0.017601,0.16407
8.2,0,1,0.35,0.03,0,0.3,-0.03,0,0.34039,0.018354,0.1649
8.21,0,1,0.35,0.03,0,0.3,-0.03,0,0.34101,0.019089,0.16571
8.22,0,1,0.35,0.03,0,0.3,-0.03,0,0.34159,0.019782,0.16652
8.23,1,1,0.35,0.03,0,0.3,-0.03,0,0.34218,0.020475,0.16733
8.24,1,1,0.35,0.03,0,0.3,-0.03,0,0.34271,0.021094,0.16804
8.25,1,1,0.35,0.03,0,0.3,-0.03,0,0.34322,0.021694,0.16873
8.26,1,1,0.35,0.03,0,0.3,-0.03,0,0.3437,0.022263,0.16938
8.27,1,1,0.35,0.03,0,0.3,-0.03,0,0.34413,0.022761,0.16992
8.28,1,1,0.35,0.03,0,0.3,-0.03,0,0.34456,0.023258,0.17046
8.29,1,1,0.35,0.03,0,0.3,-0.03,0,0.34493,0.023685,0.17092
8.3,1,1,0.35,0.03,0,0.3,-0.03,0,0.34529,0.024095,0.17136
8.31,1,1,0.35,0.03,0,0.3,-0.03,0,0.34563,0.024481,0.17177
8.32,1,1,0.35,0.03,0,0.3,-0.03,0,0.34593,0.024816,0.17214
8.33,1,1,0.35,0.03,0,0.3,-0.03,0,0.34622,0.025151,0.1725
8.34,1,1,0.35,0.03,0,0.3,-0.03,0,0.34648,0.025434,0.17282
8.35,1,1,0.35,0.03,0,0.3,-0.03,0,0.34673,0.025705,0.17313
8.36,1,1,0.35,0.03,0,0.3,-0.03,0,0.34696,0.025959,0.17343
8.37,1,1,0.35,0.03,0,0.3,-0.03,0,0.34717,0.026175,0.1737
8.38,1,1,0.35,0.03,0,0.3,-0.03,0,0.34738,0.026391,0.17398
8.39,1,1,0.35,0.03,0,0.3,-0.03,0,0.34756,0.026568,0.17423
8.4,1,1,0.35,0.03,0,0.3,-0.03,0,0.34773,0.026737,0.17447
8.41,1,1,0.35,0.03,0,0.3,-0.03,0,0.34789,0.026892,0.1747
8.42,1,1,0.35,0.03,0,0.3,-0.03,0,0.34803,0.027018,0.17492
8.43,1,1,0.35,0.03,0,0.3,-0.03,0,0.34818,0.027144,0.17513
8.44,1,1,0.35,0.03,0,0.3,-0.03,0,0.3483,0.02724,0.17533
8.45,1,1,0.35,0.03,0,0.3,-0.03,0,0.34842,0.027329,0.17551
8.46,1,1,0.35,0.03,0,0.3,-0.03,0,0.34853,0.027406,0.1757
8.47,1,1,0.35,0.03,0,0.3,-0.03,0,0.34863,0.02746,0.17586
8.48,1,1,0.35,0.03,0,0.3,-0.03,0,0.34873,0.027514,0.17602
8.49,1,1,0.35,0.03,0,0.3,-0.03,0,0.34882,0.027541,0.17616
8.5,1,1,0.35,0.03,0,0.3,-0.03,0,0.3489,0.027562,0.17629
8.51,1,1,0.35,0.03,0,0.3,-0.03,0,0.34898,0.027573,0.17642
8.52,1,1,0.35,0.03,0,0.3,-0.03,0,0.34905,0.027561,0.17652
8.53,1,1,0.35,0.03,0,0.3,-0.03,0,0.34912,0.02755,0.17662
8.54,1,1,0.35,0.03,0,0.3,-0.03,0,0.34918,0.027513,0.17669
8.55,1,1,0.35,0.03,0,0.3,-0.03,0,0.34924,0.027469,0.17676
8.56,1,1,0.35,0.03,0,0.3,-0.03,0,0.34929,0.027415,0.17681
8.57,1,1,0.35,0.03,0,0.3,-0.03,0,0.34934,0.027338,0.17683
8.58,1,1,0.35,0.03,0,0.3,-0.03,0,0.34939,0.027261,0.17686
8.59,1,1,0.35,0.03,0,0.3,-0.03,0,0.34943,0.027154,0.17684
8.6,1,1,0.35,0.03,0,0.3,-0.03,0,0.34947,0.027041,0.17681
8.61,1,1,0.35,0.03,0,0.3,-0.03,0,0.34951,0.026915,0.17677
8.62,1,1,0.35,0.03,0,0.3,-0.03,0,0.34955,0.026761,0.17669
8.63,1,1,0.35,0.03,0,0.3,-0.03,0,0.34958,0.026608,0.17661
8.64,1,1,0.35,0.03,0,0.3,-0.03,0,0.34961,0.026419,0.17647
8.65,1,1,0.35,0.03,0,0.3,-0.03,0,0.34964,0.026221,0.17632
8.66,1,1,0.35,0.03,0,0.3,-0.03,0,0.34967,0.026007,0.17614
8.67,1,1,0.35,0.03,0,0.3,-0.03,0,0.34969,0.025758,0.1759
8.68,1,1,0.35,0.03,0,0.3,-0.03,0,0.34972,0.025509,0.17567
8.69,1,1,0.35,0.03,0,0.3,-0.03,0,0.34974,0.025213,0.17535
8.7,1,1,0.35,0.03,0,0.3,-0.03,0,0.34976,0.024906,0.175
8.71,1,1,0.35,0.03,0,0.3,-0.03,0,0.34978,0.024577,0.17462
8.72,1,1,0.35,0.03,0,0.3,-0.03,0,0.3498,0.024201,0.17415
8.73,1,0,0.35,0.03,0,0.3,-0.03,0,0.34981,0.023826,0.17367
8.74,1,0,0.35,0.03,0,0.3,-0.03,0,0.34983,0.023402,0.17311
8.75,1,0,0.35,0.03,0,0.3,-0.03,0,0.34984,0.022967,0.17253
8.76,1,0,0.35,0.03,0,0.3,-0.03,0,0.34986,0.022521,0.17193
8.77,1,0,0.35,0.03,0,0.3,-0.03,0,0.34987,0.02205,0.17131
8.78,1,0,0.35,0.03,0,0.3,-0.03,0,0.34989,0.021579,0.1707
8.79,1,0,0.35,0.03,0,0.3,-0.03,0,0.3499,0.021093,0.17009
8.8,1,0,0.35,0.03,0,0.3,-0.03,0,0.34991,0.020603,0.16948
8.81,1,0,0.35,0.03,0,0.3,-0.03,0,0.34992,0.02011,0.16888
8.82,1,0,0.35,0.03,0,0.3,-0.03,0,0.34993,0.019613,0.16831
8.83,1,0,0.35,0.03,0,0.3,-0.03,0,0.34994,0.019115,0.16774
8.84,1,0,0.35,0.03,0,0.3,-0.03,0,0.34995,0.018617,0.16721
8.85,1,0,0.35,0.03,0,0.3,-0.03,0,0.34996,0.01812,0.16669
8.86,1,0,0.35,0.03,0,0.3,-0.03,0,0.34997,0.017624,0.16618
8.87,1,0,0.35,0.03,0,0.3,-0.03,0,0.34998,0.017133,0.16571
8.88,1,0,0.35,0.03,0,0.3,-0.03,0,0.34999,0.016641,0.16524
8.89,1,0,0.35,0.03,0,0.3,-0.03,0,0.35,0.016157,0.1648
8.9,1,0,0.35,0.03,0,0.3,-0.03,0,0.35001,0.015675,0.16438
8.91,1,0,0.35,0.03,0,0.3,-0.03,0,0.35002,0.015196,0.16397
8.92,1,0,0.35,0.03,0,0.3,-0.03,0,0.35003,0.014726,0.16358
8.93,1,0,0.35,0.03,0,0.3,-0.03,0,0.35004,0.014256,0.1632
8.94,1,0,0.35,0.03,0,0.3,-0.03,0,0.35005,0.013798,0.16283
8.95,1,0,0.35,0.03,0,0.3,-0.03,0,0.35006,0.013343,0.16248
8.96,1,0,0.35,0.03,0,0.3,-0.03,0,0.35007,0.012893,0.16213
8.97,1,0,0.35,0.03,0,0.3,-0.03,0,0.35008,0.012455,0.1618
8.98,1,0,0.35,0.03,0,0.3,-0.03,0,0.35009,0.012017,0.16146
8.99,1,0,0.35,0.03,0,0.3,-0.03,0,0.35011,0.011594,0.16114
9,1,0,0.35,0.03,0,0.3,-0.03,0,0.35012,0.011175,0.16082
9.01,1,0,0.35,0.03,0,0.3,-0.03,0,0.35013,0.010762,0.16049
9.02,1,0,0.35,0.03,0,0.3,-0.03,0,0.35015,0.010364,0.16018
9.03,1,0,0.35,0.03,0,0.3,-0.03,0,0.35016,0.0099667,0.15986
9.04,1,0,0.35,0.03,0,0.3,-0.03,0,0.35018,0.0095889,0.15954
9.05,1,0,0.35,0.03,0,0.3,-0.03,0,0.3502,0.0092157,0.15922
9.06,1,0,0.35,0.03,0,0.3,-0.03,0,0.35022,0.0088513,0.1589
9.07,1,0,0.35,0.03,0,0.3,-0.03,0,0.35024,0.0085064,0.15858
9.08,1,0,0.35,0.03,0,0.3,-0.03,0,0.35026,0.0081614,0.15826
9.09,1,0,0.35,0.03,0,0.3,-0.03,0,0.35028,0.0078429,0.15793
9.1,1,0,0.35,0.03,0,0.3,-0.03,0,0.35031,0.0075307,0.1576
9.11,1,0,0.35,0.03,0,0.3,-0.03,0,0.35033,0.0072302,0.15728
9.12,1,0,0.35,0.03,0,0.3,-0.03,0,0.35036,0.0069562,0.15695
9.13,1,0,0.35,0.03,0,0.3,-0.03,0,0.35039,0.0066821,0.15662
9.14,1,0,0.35,0.03,0,0.3,-0.03,0,0.35043,0.0064445,0.15629
9.15,1,0,0.35,0.03,0,0.3,-0.03,0,0.35046,0.0062155,0.15597
9.16,1,0,0.35,0.03,0,0.3,-0.03,0,0.3505,0.006003,0.15565
9.17,1,0,0.35,0.03,0,0.3,-0.03,0,0.35054,0.0058275,0.15533
9.18,1,0,0.35,0.03,0,0.3,-0.03,0,0.35059,0.005652,0.15502
9.19,1,0,0.35,0.03,0,0.3,-0.03,0,0.35064,0.0055282,0.15473
9.2,1,0,0.35,0.03,0,0.3,-0.03,0,0.35069,0.0054166,0.15445
9.21,1,0,0.35,0.03,0,0.3,-0.03,0,0.35075,0.0053287,0.15418
9.22,1,0,0.35,0.03,0,0.3,-0.03,0,0.35081,0.0052938,0.15395
9.23,1,1,0.35,0.03,0,0.35,-0.03,0,0.35087,0.005259,0.15371
